method,editor,watermark,level,n,clip_t,clip_t_sd,clip_t_gain,clip_t_gain_sd,clip_dir,clip_dir_sd,clip_i,clip_i_sd,dino,dino_sd,lpips,lpips_sd,ssim,ssim_sd,psnr,psnr_sd,edit_success,edit_success_sd
baseline,ip2p,gaussianshading,1,45,0.24974080158604517,0.053107869966561215,0.0077652909689479264,0.05676181301224645,0.15607754546735023,0.13738823244037016,0.8817662080128987,0.10801614195314303,0.737436991598871,0.30381953566785724,0.3276893763078584,0.21948752614098635,0.6733228116082046,0.18357356654813173,16.496993986701625,5.3206943024243465,0.5555555555555556,0.5025189076296062
baseline,ip2p,gaussianshading,2,45,0.23796300556924607,0.04822546686175399,0.0014689178930388375,0.03233666578229469,0.12971299046443566,0.09059688922928814,0.9230400456322564,0.07899751041155134,0.8369468041178253,0.2626069893277463,0.3591891082624594,0.23616900763749446,0.618384806675435,0.2187813399487926,12.663857443772061,4.171618843957617,0.6,0.4954336943068623
baseline,ip2p,gaussianshading,3,45,0.21617104079988259,0.04527038241097819,-0.015157076550854557,0.041145243922315285,0.10030769936533436,0.08964877891763251,0.9035325249036154,0.09684534263956295,0.7198178904338015,0.3365704306742898,0.4018228703074985,0.23235854651174423,0.6203594963407396,0.22118393835928668,14.35057523783129,4.818822506725925,0.24444444444444444,0.4346134936801766
baseline,ip2p,gaussianshading,4,45,0.21989508469899496,0.03860672435307414,0.009754400617546479,0.01963642576442691,0.07512648651997246,0.08436502042332146,0.959132546848721,0.04744034577258975,0.9438345034917196,0.07371888791445581,0.16891291853454374,0.1285834883163413,0.794196051922818,0.13623144194642875,19.459373411795813,5.821698168510022,0.6222222222222222,0.4903101471559001
baseline,ip2p,none,1,45,0.25163735151290895,0.04898557995432921,0.005682806173960348,0.04515553376361189,0.16309559438377616,0.11612353195197167,0.8798163586192661,0.09984113671377699,0.7289339762594965,0.2904473049658838,0.3205718391471439,0.21169004669903435,0.6612846042816868,0.20353059470291376,16.966176906779328,6.154809070401735,0.6666666666666666,0.4767312946227961
baseline,ip2p,none,2,45,0.2409325713912646,0.0545186690907225,0.0030404860774675834,0.043863819583794574,0.13296314415832355,0.0951916294290862,0.914792905913459,0.08344302256016263,0.832406484377053,0.28420817195211434,0.33595929973655275,0.24837553465431678,0.6451963171775569,0.1844239402785188,13.273682063282518,3.8643985300216444,0.6666666666666666,0.47673129462279623
baseline,ip2p,none,3,45,0.2203531136115392,0.04872382885660198,-0.011710358659426373,0.04790114188010135,0.13619119992686637,0.09893703284459397,0.883689300219218,0.10216683680205926,0.6912524127090971,0.3673563310117061,0.41490766521957184,0.23070350305449508,0.5939189491492181,0.23151175095339718,13.96570810536389,4.563843243299208,0.4444444444444444,0.5025189076296062
baseline,ip2p,none,4,45,0.2182583110200034,0.04873856080701637,0.004872039953867565,0.018012755864819874,0.061296857800334684,0.0839546842740094,0.9586106234126621,0.04126629894434364,0.9268666730986701,0.1111989317829198,0.1955228841553132,0.1665945123074993,0.7586644834560206,0.1823512623136938,19.163843610781456,6.714014623308772,0.4666666666666667,0.504524979109513
baseline,ip2p,treering,1,45,0.25202959742810993,0.05974871348111907,0.006372895174556297,0.05645838033784249,0.1585522420807845,0.13121122092018814,0.8598097827699449,0.10632052689574154,0.703979414039188,0.3079839094091212,0.3550706742538346,0.23173496880858735,0.6533506366151061,0.19850949800166953,17.039379682354582,6.54819793474236,0.5777777777777777,0.4994946941609586
baseline,ip2p,treering,2,45,0.2471047792169783,0.053076706778748144,0.008528246978918696,0.03560954669492675,0.13273072729094157,0.09557196075272936,0.929918114344279,0.07744318789694327,0.8715710407329931,0.20405115082922817,0.3495990729994244,0.1982480844077727,0.6345338154970223,0.19146828445528274,13.238118328512112,4.636664988430383,0.6444444444444445,0.4840903163082632
baseline,ip2p,treering,3,45,0.22208534048663245,0.052912909657993085,-0.016563973493046225,0.04676575116292484,0.11676642747802862,0.10819539735253506,0.8888289478090075,0.09917928968048115,0.7099778020547496,0.36936242756308885,0.42974252071645525,0.24612027577663156,0.6107421941966784,0.23330385076276544,14.569791100686535,5.382446124612858,0.35555555555555557,0.4840903163082632
baseline,ip2p,treering,4,45,0.2227712074915568,0.048618149993372606,0.005517951978577484,0.01938419403454855,0.08766682512230341,0.09219280995218757,0.9526969273885091,0.053521203772815946,0.9079776015546587,0.14351046097191236,0.18637974771360552,0.1585246338508306,0.7730561220123217,0.17630275338275173,19.531176616493436,6.320826092940924,0.6666666666666666,0.4767312946227962
baseline,sdedit,gaussianshading,1,45,0.2578664508130815,0.04430975742593411,0.01589094019598428,0.02553420436675743,0.07252500262111423,0.10377730224724592,0.9311225771903991,0.04707511084293385,0.838683541615804,0.1278069375324869,0.2890270521243413,0.05557206493806873,0.48039748491075623,0.15347733621461235,17.81542993246592,2.4033890030141993,0.5555555555555556,0.5025189076296062
baseline,sdedit,gaussianshading,2,45,0.257233911090427,0.04506372424811092,0.014853150314754877,0.021403063464858627,0.06575991424421467,0.08508060693196111,0.9370677391688029,0.04077771841260245,0.8650357166926066,0.08931473553799102,0.3134816563791699,0.061641507855084744,0.4346745308722042,0.13782079298332767,17.16725681713931,2.269287719707089,0.6888888888888889,0.46817936647391795
baseline,sdedit,gaussianshading,3,45,0.2552971445851856,0.038578280671395335,0.006905436515808105,0.027984819356512588,0.013613604754209498,0.03186611820966505,0.9435591962602403,0.03624840269192373,0.8675214846928915,0.09762090345217248,0.3373599774307675,0.058495277094601617,0.39868807183191896,0.12070385912345219,16.630413816815093,2.309347431391196,0.4,0.4954336943068623
baseline,sdedit,gaussianshading,4,45,0.25750650498602123,0.04120236297386867,0.017726992236243338,0.023518414947329286,0.061625843919399695,0.08267348777829689,0.9337894519170126,0.02696636807385632,0.864365835984548,0.06777528209582236,0.35639499955707127,0.054694596949042176,0.3693200633632758,0.10454702194405537,16.097370035408176,2.1091836157775514,0.6444444444444445,0.48409031630826327
baseline,sdedit,none,1,45,0.26397441691822476,0.036932976965350736,0.018019871579276158,0.03026432817700542,0.07943400819268491,0.10751795934481385,0.9255223552385966,0.050538698675083885,0.8238994558652242,0.1254710399161931,0.309504125184483,0.07503518298349479,0.45642690386688806,0.1516419539035242,18.013888131076403,2.51146545662527,0.6222222222222222,0.4903101471559001
baseline,sdedit,none,2,45,0.26240165962113277,0.04128562696700001,0.014856386515829276,0.020930825162560188,0.08634949476561611,0.10389573054090076,0.9361740840805901,0.03751721193636758,0.8612335549460517,0.09415401912130422,0.33134105304876965,0.05973417015664563,0.4104784261684087,0.1387003630778739,17.24065379179705,2.4474916870147685,0.6666666666666666,0.4767312946227961
baseline,sdedit,none,3,45,0.26445579528808594,0.036057181364324946,0.012445978985892382,0.022724279549961514,0.019247728917333805,0.05443255333666705,0.9461454974280463,0.0240914633720438,0.8728038946787516,0.05484113853253522,0.3417479541566637,0.05544852872536122,0.3794538755495757,0.11677764456760732,16.518192268498854,2.3833239545917175,0.4444444444444444,0.5025189076296062
baseline,sdedit,none,4,45,0.2578804237975015,0.03899942001071795,0.010000409682591742,0.024282351628128543,0.059484193267093755,0.09520228051356609,0.9390274140569899,0.032291630232996825,0.8547175221972996,0.06942799393786757,0.3487524771028095,0.04780897158306375,0.3556039402509329,0.10261473162941534,16.09928446563705,2.23665217930229,0.5111111111111111,0.5055250296034367
baseline,sdedit,treering,1,45,0.2696397837665346,0.03699500158761902,0.02398308151298096,0.028859066733251438,0.1037356962656809,0.11842015043061245,0.9198805981212193,0.049732909950058156,0.8189746929539574,0.13430503955370476,0.30903563102086384,0.08489154379705112,0.4834423566465564,0.14618634529363267,18.765808243606394,2.186909115263508,0.6888888888888889,0.46817936647391795
baseline,sdedit,treering,2,45,0.26888016793462965,0.04148930393734096,0.014747649431228619,0.022428438491895557,0.08093882687389847,0.1029206760446134,0.9343372477425469,0.04399479446923657,0.8403918213314481,0.10192046742590301,0.3378939727942149,0.07832865962169516,0.4251523784254527,0.13786575640672535,17.85127333545107,2.28384795237951,0.6666666666666666,0.4767312946227962
baseline,sdedit,treering,3,45,0.26729312870237565,0.040850535859245654,0.008338877227571264,0.024296242161812254,0.029498848194877286,0.05993637908426286,0.9375718209478591,0.03450121776376361,0.8419749604331123,0.10765666904643632,0.35061418314774834,0.07010044936346875,0.3817236875813492,0.12153329058403647,17.157655485076006,2.240788565942261,0.4444444444444444,0.5025189076296062
baseline,sdedit,treering,4,45,0.2657253768708971,0.04173368769403348,0.01555486487017736,0.03432205728861454,0.05793184933976993,0.09615278787162425,0.9222771366437276,0.054697226653790704,0.8269394914309184,0.12011741055178181,0.3742301901181539,0.06645280510825789,0.34968776308337773,0.10352226344965013,16.582932535550828,2.1683189588518044,0.6,0.49543369430686224
