method,editor,watermark,linear_b,linear_sse,exp_k,exp_sse,better,first_round_drop,mean_later_drop
baseline,flux2klein,dwtdct,0.32862509391435113,0.5834962499174458,2.612880207290063,0.0013255337971454836,exponential,0.9278737791134486,0.015276734284998733
baseline,flux2klein,trustmark,0.3084112843355604,0.2126994095598073,0.9099518344357581,0.03242323046323632,exponential,0.47572383073496693,0.17037861915367467
baseline,flux2klein,wam,0.31040074125550243,0.20095013604762135,0.8659969410369551,0.05860514793719346,exponential,0.40722724113968023,0.19666435024322448
baseline,ip2p,dwtdct,0.33082895066366214,0.5413303107635957,2.2458190877360056,0.0006874080783704352,exponential,0.8888054094665664,0.036063110443275766
baseline,ip2p,trustmark,0.23663697104677062,0.05090979211412633,0.4528706671639383,0.001741300409998813,exponential,0.39420935412026703,0.14380103934669644
baseline,ip2p,wam,0.23731758165392625,0.08241308220663239,0.4753762173456897,0.005048822183480264,exponential,0.4204308547602502,0.12508686587908271
baseline,sdedit,dwtdct,0.3329075882794892,0.6352379060049301,4.188718291269512,0.00040488627957887424,exponential,0.9849737039819685,0.009516654144753285
baseline,sdedit,trustmark,0.3338678544914633,0.6463508547411304,4.438302952485481,4.323955642029248e-05,exponential,0.988195991091314,0.006087602078693438
baseline,sdedit,wam,0.33270789900393805,0.6569732796773039,5.185317614521009,1.6203367559704916e-05,exponential,0.9944405837387075,0.0018531387537641818
reembed,flux2klein,dwtdct,0.013899323816679195,0.0005156469351041237,0.014280467021541204,0.0004957874088846318,exponential,0.024793388429752095,0.00626095667417977
reembed,flux2klein,trustmark,0.00019302152932447567,2.3148033326554763e-08,0.00019193087753572316,2.3165986369621967e-08,linear,0.00022271714922061925,0.0001484780994802648
reembed,flux2klein,wam,3.7025085485685465e-06,4.112570865657389e-10,6.643747950818272e-06,1.3241522803275474e-09,linear,0.0,0.0
reembed,ip2p,dwtdct,0.016003005259203673,0.0005623853765125788,0.01649169555340726,0.0005408819087422483,exponential,0.013523666416228375,0.012772351615326824
reembed,ip2p,trustmark,0.0009502598366740722,5.886214188754424e-07,0.0009522296663686758,5.917229165029397e-07,linear,0.0004454342984407944,0.001262063845582806
reembed,ip2p,wam,0.0006949270326615463,1.232595164407831e-32,0.000695848189335943,1.6035359598573071e-12,linear,0.0006949270326614965,0.0006949270326616075
reembed,sdedit,dwtdct,0.0006761833208113854,9.596056810913104e-07,0.000677149787196803,9.578876348310609e-07,exponential,0.0015026296018031404,0.0002504382669671716
reembed,sdedit,trustmark,0.0008908685968820216,1.4880878567077985e-07,0.000892754399864651,1.4988457349377466e-07,linear,0.0006681514476614137,0.0010393466963624087
reembed,sdedit,wam,3.7025085485685465e-06,4.112570865657389e-10,6.643747950818272e-06,1.3241522803275474e-09,linear,0.0,0.0
