detector,editor,level,n,false_positives,fpr,fpr_ci_hi,mean_bit_acc
dwtdct,flux2klein,0,90,0,0.0,0.04093706842168078,0.5065972222222223
dwtdct,flux2klein,1,90,0,0.0,0.04093706842168078,0.4892361111111111
dwtdct,flux2klein,2,90,0,0.0,0.04093706842168078,0.4979166666666667
dwtdct,flux2klein,3,90,0,0.0,0.04093706842168078,0.5194444444444445
dwtdct,flux2klein,4,90,0,0.0,0.04093706842168078,0.49583333333333335
dwtdct,ip2p,0,90,0,0.0,0.04093706842168078,0.5065972222222223
dwtdct,ip2p,1,90,0,0.0,0.04093706842168078,0.4909722222222222
dwtdct,ip2p,2,90,0,0.0,0.04093706842168078,0.4947916666666667
dwtdct,ip2p,3,90,0,0.0,0.04093706842168078,0.4930555555555556
dwtdct,ip2p,4,90,0,0.0,0.04093706842168078,0.5222222222222223
dwtdct,sdedit,0,90,0,0.0,0.04093706842168078,0.5065972222222223
dwtdct,sdedit,1,90,0,0.0,0.04093706842168078,0.5010416666666667
dwtdct,sdedit,2,90,0,0.0,0.04093706842168078,0.5170138888888889
dwtdct,sdedit,3,90,0,0.0,0.04093706842168078,0.4875
dwtdct,sdedit,4,90,0,0.0,0.04093706842168078,0.49201388888888886
trustmark,flux2klein,0,90,0,0.0,0.04093706842168078,0.5064444444444445
trustmark,flux2klein,1,90,0,0.0,0.04093706842168078,0.49333333333333323
trustmark,flux2klein,2,90,0,0.0,0.04093706842168078,0.4976666666666666
trustmark,flux2klein,3,90,0,0.0,0.04093706842168078,0.5013333333333334
trustmark,flux2klein,4,90,0,0.0,0.04093706842168078,0.5011111111111112
trustmark,ip2p,0,90,0,0.0,0.04093706842168078,0.5064444444444445
trustmark,ip2p,1,90,0,0.0,0.04093706842168078,0.4947777777777777
trustmark,ip2p,2,90,0,0.0,0.04093706842168078,0.5038888888888889
trustmark,ip2p,3,90,0,0.0,0.04093706842168078,0.4954444444444443
trustmark,ip2p,4,90,0,0.0,0.04093706842168078,0.5037777777777778
trustmark,sdedit,0,90,0,0.0,0.04093706842168078,0.5064444444444445
trustmark,sdedit,1,90,0,0.0,0.04093706842168078,0.4955555555555556
trustmark,sdedit,2,90,0,0.0,0.04093706842168078,0.5011111111111112
trustmark,sdedit,3,90,0,0.0,0.04093706842168078,0.4984444444444445
trustmark,sdedit,4,90,0,0.0,0.04093706842168078,0.4953333333333334
wam,flux2klein,0,90,0,0.0,0.04093706842168078,0.5017361111111112
wam,flux2klein,1,90,0,0.0,0.04093706842168078,0.49756944444444445
wam,flux2klein,2,90,0,0.0,0.04093706842168078,0.5034722222222222
wam,flux2klein,3,90,0,0.0,0.04093706842168078,0.503125
wam,flux2klein,4,90,0,0.0,0.04093706842168078,0.5010416666666667
wam,ip2p,0,90,0,0.0,0.04093706842168078,0.5017361111111112
wam,ip2p,1,90,0,0.0,0.04093706842168078,0.5048611111111111
wam,ip2p,2,90,0,0.0,0.04093706842168078,0.49756944444444445
wam,ip2p,3,90,0,0.0,0.04093706842168078,0.503125
wam,ip2p,4,90,0,0.0,0.04093706842168078,0.5065972222222223
wam,sdedit,0,90,0,0.0,0.04093706842168078,0.5017361111111112
wam,sdedit,1,90,0,0.0,0.04093706842168078,0.5027777777777778
wam,sdedit,2,90,0,0.0,0.04093706842168078,0.5013888888888889
wam,sdedit,3,90,0,0.0,0.04093706842168078,0.5017361111111112
wam,sdedit,4,90,0,0.0,0.04093706842168078,0.5024305555555556
