method,editor,watermark,level,n,clip_t,clip_t_sd,clip_t_gain,clip_t_gain_sd,clip_dir,clip_dir_sd,clip_i,clip_i_sd,dino,dino_sd,lpips,lpips_sd,ssim,ssim_sd,psnr,psnr_sd,bg_psnr,bg_psnr_sd,bg_lpips,bg_lpips_sd,edit_success,edit_success_sd
baseline,flux2klein,dwtdct,1,90,0.27214220381445353,0.03800944414720906,0.03821284870306648,0.038897255803782886,0.20450084608876043,0.13476509460433006,0.8617172572347853,0.08430276366029918,0.7784357478221258,0.17504809931844326,0.35950163464165397,0.18602077279541782,0.6111884871299323,0.21763786195435975,13.712486442985707,5.759784697522667,21.523040006740217,6.401842724647437,0.17998546060046242,0.15793394134140257,0.8,0.4022409138923946
baseline,flux2klein,dwtdct,2,90,0.2918541032407019,0.03555881899395366,0.03458017756541567,0.03482226872249346,0.2579557357873354,0.08524872054942545,0.845727190706465,0.04651751552390845,0.7845125867260827,0.0864841833307141,0.5973798688915041,0.13635390622758178,0.29644978999708954,0.16767906932668625,8.249467781806647,4.078337033146418,,,,,0.8444444444444444,0.3644639317587663
baseline,flux2klein,dwtdct,3,90,0.27042357855372956,0.03647866854298897,-0.013204343782530875,0.0320192040796231,0.235596654481358,0.0722396853172166,0.8436636388301849,0.05773176810195125,0.7007276193135314,0.18528574218962937,0.5467077427440219,0.14774178159847254,0.38762382008727736,0.17711266696654965,9.164772782547628,3.433260955404888,,,,,0.36666666666666664,0.48459411952081843
baseline,flux2klein,dwtdct,4,90,0.27621745119492214,0.039830894932983515,0.020597806076208737,0.03820706289633872,0.15560864799966412,0.09792437514077613,0.843292486667633,0.06848948048271362,0.8113522946834564,0.08826262173179672,0.45213919315073225,0.10455029467201968,0.4308824400263613,0.13415933456038118,11.298757681880574,3.7243758759352072,,,,,0.6333333333333333,0.48459411952081854
baseline,flux2klein,none,1,90,0.2704146065645748,0.03869402166878945,0.03765723970201277,0.038895149086436875,0.20163163731081618,0.1337439513617927,0.8598627991146511,0.08493883055456819,0.7785032593541675,0.17523100234847186,0.3555471945967939,0.18684551458836585,0.6144026765556535,0.21878641871711246,13.666621697669237,5.7665911829691225,21.485043883889425,6.221441896723915,0.17451860299655075,0.15671511212679276,0.8222222222222222,0.3844674641127626
baseline,flux2klein,none,2,90,0.29154753006166884,0.03660986411200002,0.035888855655988025,0.034687530852418796,0.2583901789660255,0.09366248520827475,0.8448742753929562,0.04721908708892679,0.7840126620398628,0.09248466907021342,0.5940625551674101,0.13568176532228218,0.2951370085093787,0.16707317189220525,8.223979064198318,4.07164159098968,,,,,0.8555555555555555,0.3535092488376122
baseline,flux2klein,none,3,90,0.27065530485577055,0.03688896651263866,-0.012783149712615528,0.029968944023647043,0.23518594180544217,0.07197977110178869,0.8430673102537791,0.05619217821074302,0.6958398523430029,0.1916958955974909,0.5484514224860403,0.14354102751846143,0.38530255713027217,0.17218268030014675,9.150016981782654,3.4088147920454746,,,,,0.3333333333333333,0.47404546313997725
baseline,flux2klein,none,4,90,0.27800168146689735,0.03924047122867146,0.02263777123557195,0.037106898775086765,0.1587587414128292,0.10157465004455063,0.8469581696722243,0.06640243290420968,0.8114655362235175,0.0978691736247882,0.4503315539823638,0.1056618219173661,0.43144188083268425,0.13565162166206615,11.314187933487247,3.7036525040406705,,,,,0.6777777777777778,0.46994567646321306
baseline,flux2klein,trustmark,1,90,0.27051120118962396,0.03991315504831514,0.03584193206495706,0.04011978952236717,0.20573882629267043,0.13575846417778709,0.8627564701769087,0.08329446600230328,0.7725845211082034,0.17748881217576407,0.3552401898635758,0.1870208257219798,0.6120892207230402,0.21891660110428648,13.680182123173122,5.745828880009825,21.163756808006344,6.158011856024346,0.1777527724745972,0.15910925993267677,0.7777777777777778,0.41806880186893863
baseline,flux2klein,trustmark,2,90,0.29216215312480925,0.03587053256747712,0.03651795337597526,0.035839216606810775,0.25868073109951284,0.09478590198879917,0.8473351074589623,0.045715007935523404,0.7847518788443671,0.09122685375449907,0.5913793781565295,0.13677877902020438,0.29626936429648204,0.16868295226329977,8.250256058730365,4.0950771097299254,,,,,0.8555555555555555,0.3535092488376122
baseline,flux2klein,trustmark,3,90,0.2682000895341237,0.038119133197714636,-0.015552381343311723,0.03155261702363321,0.2357283798356851,0.07115438390697461,0.840238086382548,0.05941082318994626,0.6983330963386429,0.18866381740691454,0.5489912827809652,0.14369828226489884,0.38540437795400034,0.1721351031270614,9.140005696039971,3.388035779653216,,,,,0.3333333333333333,0.47404546313997725
baseline,flux2klein,trustmark,4,90,0.2759624911679162,0.04083335796727177,0.022442549632655236,0.036550014420066876,0.1544730260088626,0.09708141125047313,0.8478430622153812,0.06610314169918732,0.8174930804305607,0.08718372713566494,0.4527372224463357,0.10384115022945464,0.4286169381450939,0.13395093604462446,11.267985835765874,3.7113438389967626,,,,,0.6666666666666666,0.4740454631399772
baseline,flux2klein,wam,1,90,0.2708015163739522,0.04012901707717103,0.034987547828091485,0.04053511324410021,0.20720715547601382,0.13572528601641753,0.8618490583366818,0.08535378274129715,0.7733356982469559,0.18117739773814306,0.3677025496959686,0.18501581703318126,0.6012260818309049,0.21514943657826843,13.638468558535843,5.784590672147223,21.44305762870425,6.153765522556567,0.18572379179812712,0.1566614285920704,0.7777777777777778,0.41806880186893863
baseline,flux2klein,wam,2,90,0.2915737791193856,0.037091611935883076,0.03479070663452145,0.034027243356666285,0.25496838109360803,0.08988849586310384,0.8443349825011359,0.044845206175816714,0.7816139310598373,0.10287569421489898,0.5966391167706914,0.13535996953555696,0.2947850576199332,0.1673403029145557,8.247341795787609,4.14178076780079,,,,,0.8333333333333334,0.3747658444979307
baseline,flux2klein,wam,3,90,0.2704455347524749,0.037402076031970426,-0.012906973726219592,0.029445012959287878,0.23448975053098467,0.06991585869482049,0.8420342087745667,0.059109155377454474,0.6964354478650623,0.1888305123200993,0.5503260612487793,0.1456647247544874,0.38221373515138574,0.17275529757652255,9.107698383258489,3.379723959156203,,,,,0.36666666666666664,0.48459411952081843
baseline,flux2klein,wam,4,90,0.2769033263127009,0.03983346429359173,0.02167957011196347,0.04031818809350457,0.15885618853693206,0.10117226700432659,0.8447827014658186,0.0656608026918445,0.8146270275115967,0.08554253809066065,0.4513681643539005,0.10446728533830507,0.4309623564022778,0.13517875572554544,11.316244292006907,3.743336964213662,,,,,0.6555555555555556,0.4778489044986781
baseline,ip2p,dwtdct,1,90,0.2403001769549317,0.05460771935344787,0.006370821760760397,0.0571563083856782,0.1479375655659371,0.11707046732389025,0.82449010014534,0.13453412472966197,0.6477353901912769,0.337940790809012,0.3601137798279524,0.24073322433282315,0.6188381530655631,0.18328935478166114,15.685807355817113,5.345187146632278,16.045596312988188,6.780550045846467,0.4053426035519304,0.2598636747625302,0.6222222222222222,0.48754781448667844
baseline,ip2p,dwtdct,2,90,0.23073817185229725,0.051435158027779884,0.0011608030233118173,0.039409574647793204,0.12644439876700436,0.09399514909539929,0.8909297015931871,0.11867747659975852,0.7647104421423541,0.3067750738559006,0.3501334408091174,0.26616974162103124,0.6373467548657561,0.2205493439712123,14.314157812165568,5.852694693797597,,,,,0.5777777777777777,0.49668061715319667
baseline,ip2p,dwtdct,3,90,0.21480907077590625,0.049676113766047976,-0.008450646201769507,0.040085593205690405,0.14270483409571974,0.09369925493086571,0.8728898584842681,0.10857150588797822,0.6534060531295836,0.33798320260156556,0.442325956084662,0.2382063550718475,0.6064477435606608,0.21992278401935297,14.041658572937164,4.933567214317249,,,,,0.43333333333333335,0.4983117565757134
baseline,ip2p,dwtdct,4,90,0.22117606409721904,0.04615310501570327,0.0085373626814948,0.02274977402855965,0.07580875000502499,0.08175818371271257,0.9507682118150923,0.048297903870747394,0.9143626193205515,0.12964522826976896,0.1775021653622389,0.13701877338649465,0.7747851245916525,0.1461976981749595,19.064247886182198,6.224754005572885,,,,,0.6111111111111112,0.4902291242441421
baseline,ip2p,none,1,90,0.24153383134139908,0.05362843411179386,0.008776464561621329,0.05678800926930371,0.1514859628346231,0.1120795765694339,0.8169160031610065,0.1328754030253946,0.6451344954574274,0.3284075300463342,0.36019251065121755,0.23878225406064882,0.6179535118431225,0.18763755964577428,15.499605101332172,5.224767102934828,15.962660281732926,6.798554779629283,0.4059653499260031,0.2659984853199996,0.6222222222222222,0.48754781448667844
baseline,ip2p,none,2,90,0.231460110263692,0.04964365320709824,0.0008739385339948723,0.03916357162465961,0.11956290615619053,0.0913385135144669,0.8928235491116842,0.11459366521186609,0.7739607950879468,0.30007511958696415,0.3429694667044613,0.2560807492814122,0.6358532878856802,0.2213599628467269,14.229655271022029,5.813258641396827,,,,,0.6111111111111112,0.4902291242441421
baseline,ip2p,none,3,90,0.2109612900349829,0.04950627015132086,-0.012913312349054549,0.04419987757262724,0.13989130153010287,0.0959813547186426,0.8703724914126926,0.11481701559513732,0.6476277736429539,0.34018712856526806,0.4452876483400663,0.23964424929343267,0.6047781230440267,0.2198099851239042,14.088268632176316,5.051766044250537,,,,,0.43333333333333335,0.4983117565757134
baseline,ip2p,none,4,90,0.21725878607895638,0.04554303202432756,0.008450554394059699,0.023855720387747352,0.07114768744860256,0.08380284805347271,0.9528971718417274,0.04567144679510964,0.9188108715746138,0.10900705104625896,0.17704416043642493,0.13896027172375489,0.7757731468049378,0.14832617008309892,19.102330824669018,6.404937568723751,,,,,0.5777777777777777,0.49668061715319667
baseline,ip2p,trustmark,1,90,0.24134932566020223,0.05395498016783347,0.006680056618319604,0.056960750602103885,0.15488270652583905,0.11839279434978651,0.8208475530147552,0.13100240892759374,0.6462539177801874,0.32656206647600483,0.35692918184730743,0.23577547274699948,0.6197117052012718,0.1849494439057848,15.610823665077179,5.244992106959126,16.22669613176268,6.77842830236658,0.40056131304851894,0.2579522091505888,0.6111111111111112,0.4902291242441421
baseline,ip2p,trustmark,2,90,0.23237753493918312,0.048280733941763694,0.0019736270937654597,0.03824740129670929,0.12256490238424801,0.09421591200764258,0.8965500824981265,0.11546560175578965,0.7790388912790351,0.2973644906058156,0.34178408218754663,0.2571060862756913,0.6404069589313252,0.2168723722036709,14.34109015232078,5.88371713388272,,,,,0.6,0.49264249635357604
baseline,ip2p,trustmark,3,90,0.21004569480816523,0.04916635895143395,-0.015238090604543683,0.046384620138664984,0.14288319287200768,0.08858792863427632,0.8618680973847707,0.11363824470870473,0.6251033685480555,0.34583181318607853,0.4608196015159289,0.23337775195611082,0.5900161080930616,0.22785311134276237,13.80734353678914,4.840068664210526,,,,,0.4111111111111111,0.4947918514685245
baseline,ip2p,trustmark,4,90,0.2187715427743064,0.047457731131504456,0.009933727069033494,0.021209463655607535,0.07477059430546229,0.07676172068587536,0.9524296687708961,0.04408214663450835,0.9111455625957913,0.12502662936557754,0.1859137247213059,0.14455320850376857,0.7651768879590888,0.154240211154348,18.799096042394616,5.882916758901932,,,,,0.6888888888888889,0.4655417152513844
baseline,ip2p,wam,1,90,0.23921011288960775,0.05442393230503768,0.003396144343747022,0.05876093549593578,0.1507777522266325,0.11780599480205926,0.8214762409528097,0.13594109549245018,0.6411434890702367,0.33685287474467834,0.3744594521406624,0.23890290217575186,0.6095532520929706,0.18000326438678788,15.617039855043663,5.166330848436057,16.016510169607397,6.7318516940361,0.41750171215369786,0.2677069471167229,0.5666666666666667,0.4983117565757134
baseline,ip2p,wam,2,90,0.2308785617351532,0.049132306218249586,0.0025409088366561334,0.03636106763303254,0.11752301457131073,0.09509429349577088,0.898471419678794,0.1199791422629633,0.7890725911077526,0.2920041393660235,0.33667570658855966,0.263284801443622,0.6555219291203279,0.2169357444526746,14.821225884129383,5.857933004894375,,,,,0.5888888888888889,0.49479185146852456
baseline,ip2p,wam,3,90,0.2117320323983828,0.049212890255364745,-0.011550561173094631,0.040215309152891364,0.13669975924098657,0.09449452284941674,0.8776034699545966,0.10920118549695532,0.6538049071613286,0.3440152238883256,0.44003745834860536,0.2520931559716257,0.612620656756167,0.22364229421050938,14.605847132231315,5.726906656661146,,,,,0.36666666666666664,0.48459411952081843
baseline,ip2p,wam,4,90,0.21818754350145658,0.045106182779785335,0.007447951452599618,0.018737419478625426,0.06813735686656498,0.0626821134356898,0.9574091606669956,0.03916581727938279,0.9241024401452806,0.10559449127163416,0.18146006375965146,0.13175131208505825,0.7703713931300953,0.13921078980325027,18.815430171286778,5.884238826826332,,,,,0.5666666666666667,0.4983117565757134
baseline,sdedit,dwtdct,1,90,0.26589097844229803,0.04063522503883415,0.03196162333091097,0.03216845401910915,0.08459913866180511,0.10081388094148475,0.872659401761161,0.0720037533144582,0.7808498826291826,0.1003855407673237,0.32610593049062625,0.10119238836919368,0.5792680180749605,0.1554135576583161,17.89861902449491,2.676567520583945,19.9016829993655,6.236442629072453,0.3301447321628702,0.12999048301568683,0.7333333333333333,0.44469406223690916
baseline,sdedit,dwtdct,2,90,0.2708876333302922,0.03926896258976254,0.016712651815679314,0.027857203791300945,0.07259137909859417,0.10433027853379338,0.9205535689989726,0.047872922173167055,0.8286664581961102,0.1016802300536658,0.3346671806441413,0.07909342180952442,0.5711660299129462,0.14861516904926772,17.70627562465213,2.582522798087621,,,,,0.6111111111111112,0.4902291242441421
baseline,sdedit,dwtdct,3,90,0.27419354187117684,0.035626280408461115,0.012278869251410151,0.019416078174499977,0.018223071967562034,0.047952639468314566,0.9291320025920868,0.0358081874779121,0.8410295221540663,0.07131933246026431,0.3532874799436993,0.06113668961012609,0.5407010475477592,0.13903866050668498,17.396797494710974,2.5496728899125345,,,,,0.45555555555555555,0.5008108282005754
baseline,sdedit,dwtdct,4,90,0.2781263462371296,0.037544191015341746,0.011960408091545085,0.025098042569173924,0.061683983003927585,0.08245468105015809,0.923392407099406,0.04029687249940104,0.8414754132429759,0.07638061419586144,0.3605136459072431,0.053545015163081314,0.5101952734018812,0.1335879462242344,16.95481659822982,2.551793521107774,,,,,0.6111111111111112,0.4902291242441421
baseline,sdedit,none,1,90,0.2646391751037704,0.04227149831057652,0.031881808241208356,0.03208865110080462,0.08136271996837521,0.10554533577064293,0.8720729569594066,0.07240275568739395,0.7815856986575657,0.09736837179200016,0.3199023755474223,0.10155286796572334,0.5868744096353915,0.15750502025085553,17.910472483170448,2.7066648988656055,20.009042530181258,6.44824555876578,0.319669216614345,0.1313799934904417,0.6777777777777778,0.46994567646321306
baseline,sdedit,none,2,90,0.2702644227279557,0.03986759742716297,0.01725194156169889,0.027779023075481975,0.081949103411494,0.11332500790104649,0.9191719710826873,0.048980270292196024,0.8322569953070746,0.0945072951853368,0.33241941241754425,0.0833577092510129,0.5727309350594871,0.14999685225658654,17.63907251388686,2.6082404986681307,,,,,0.6666666666666666,0.4740454631399772
baseline,sdedit,none,3,90,0.27469019525580934,0.03345922020131038,0.013629743125703583,0.021230111757303844,0.024063008759791643,0.04988378172044859,0.9287240187327067,0.03521283243402885,0.8320373727215661,0.07880710248839047,0.35213521917661034,0.062289940512105936,0.540410519836049,0.14142521905518526,17.299750176649123,2.5840074452941586,,,,,0.4888888888888889,0.5026769786045271
baseline,sdedit,none,4,90,0.27559176054265766,0.03717442905133304,0.0088570564985275,0.0219636399075769,0.05480896816071535,0.07571998555398414,0.9259844071335263,0.0422721179791695,0.8341701183054182,0.08056528272003521,0.36087057375245624,0.05432881989117769,0.5066417319198115,0.13392020652876638,16.8472344083635,2.5621601322732337,,,,,0.6111111111111112,0.4902291242441421
baseline,sdedit,trustmark,1,90,0.2661295402381155,0.04085927227186124,0.03146027111344863,0.03219618141703814,0.08954596839482995,0.10799037007363341,0.87819355196423,0.07257125610455993,0.7798066059748332,0.09732147049730973,0.3248544457885954,0.09971299452704815,0.582789273878525,0.15392120501056641,17.909796316997753,2.70199828241329,19.931880317818155,6.315867194011604,0.32260062853837834,0.12999342863903343,0.7222222222222222,0.45041248954328444
baseline,sdedit,trustmark,2,90,0.27138663050201206,0.03994572790177105,0.01677000241147145,0.02573446488937306,0.08550787531615545,0.12057977832241121,0.9210383282767401,0.04819433401101207,0.8368577811453077,0.0848341592859263,0.3381735327343146,0.07984647990974082,0.5676834673786358,0.14710594464758425,17.631273230754037,2.635445523914954,,,,,0.6444444444444445,0.48136302521843194
baseline,sdedit,trustmark,3,90,0.27494161145554646,0.035980757273034354,0.012715105215708398,0.02280879055803711,0.02603372167278493,0.04797886826646817,0.9298072033458286,0.034797605745682816,0.8308979537751939,0.07445082969024747,0.35602076749006906,0.06155416378538845,0.5326748963854817,0.1377584978727828,17.309025282658595,2.640196478763799,,,,,0.5111111111111111,0.5026769786045271
baseline,sdedit,trustmark,4,90,0.27751152631309295,0.03813085687613336,0.011833564109272407,0.02315814884239429,0.06629895310228068,0.07512633584272846,0.924670339955224,0.04217899431356194,0.8343896057870653,0.0757365999515038,0.36599252687560185,0.04949838545470369,0.49677708186576924,0.12896566663352665,16.82612169848699,2.649577942452777,,,,,0.6333333333333333,0.48459411952081854
baseline,sdedit,wam,1,90,0.2660609116156896,0.04021806900119458,0.030246943069828853,0.03294375095715428,0.0878489086197482,0.09867269693147619,0.8731939666801029,0.07152314029152158,0.7738049576679865,0.09989627404005719,0.33443981442186566,0.09945853490620894,0.5638019752196246,0.14789672425305372,17.88476614581798,2.6237600393635314,19.877448963019575,6.188646838684436,0.33722635191576233,0.13191801180030205,0.7333333333333333,0.44469406223690916
baseline,sdedit,wam,2,90,0.2707365420129564,0.03912511422268306,0.01602162652545502,0.025594501128514774,0.06828735056850643,0.10140802096057178,0.9187851031621297,0.044606038485567975,0.8348944445451101,0.09485835870886232,0.3325892470777035,0.0802003819921258,0.5637717935616101,0.1409328397164255,17.74287642705566,2.520652986519878,,,,,0.6444444444444445,0.4813630252184319
baseline,sdedit,wam,3,90,0.2744094353583124,0.03617420218621659,0.0134469934635692,0.02249990439671454,0.024118341500353458,0.04603439352026792,0.9242517590522766,0.03922154939682282,0.8396657844384511,0.07228471276668703,0.35597689035866,0.06301463797539374,0.5343856580056726,0.13205858738624163,17.457097393865226,2.5297918079011925,,,,,0.5111111111111111,0.5026769786045271
baseline,sdedit,wam,4,90,0.2777574348780844,0.0373063445566568,0.012471154166592472,0.023438887833073272,0.067546943285399,0.08110759026737265,0.924041176504559,0.037888565421044705,0.8376381099224091,0.07544899388652618,0.36163963658942117,0.05152574092475177,0.5072127750018802,0.12564208880957536,16.99122631727848,2.5005241913385596,,,,,0.6111111111111112,0.4902291242441421
reembed,flux2klein,dwtdct,1,90,0.2725044439236323,0.03812297379864152,0.03857508881224524,0.03877524767717767,0.20738363746139737,0.1360786592183435,0.8688689980241987,0.08174807329511298,0.7778610944747925,0.17622401071010368,0.3655860813541545,0.18126694217711883,0.6108416567462339,0.21605113561769754,13.721479753864328,5.739274991402365,21.49939961430459,6.318572503522643,0.1907167259989113,0.1564137174013856,0.8,0.4022409138923946
reembed,flux2klein,dwtdct,2,90,0.29264914939800896,0.03508822100785376,0.034499292737907805,0.034406633420008916,0.26437996414800485,0.08848187505152871,0.855562859111362,0.050987080727455635,0.7783682299984827,0.0915872498018663,0.606678193476465,0.13814768790213597,0.2913520844694283,0.16832725047330263,8.276875918356126,4.139437108263909,,,,,0.8222222222222222,0.38446746411276256
reembed,flux2klein,dwtdct,3,90,0.26971637109915414,0.03580584912120599,-0.014852367507086845,0.03162707223765912,0.22964097182783816,0.07836813143631256,0.8503541131814321,0.05884601388469079,0.6908630576398638,0.19258024293857887,0.5573903895086713,0.15025235346891266,0.3766719637092319,0.1771522732555366,9.189916144697081,3.4300990090288006,,,,,0.32222222222222224,0.46994567646321306
reembed,flux2klein,dwtdct,4,90,0.27501560515827606,0.04033162121514927,0.018141334752241757,0.0374298593517199,0.15195190638510717,0.09933194068150399,0.8555615637037489,0.05933780966728472,0.8088768965668148,0.08808024912298792,0.4539383538895183,0.107374035356116,0.42962801517599936,0.13172751993591317,11.375104080669598,3.7641735756533734,,,,,0.6222222222222222,0.48754781448667844
reembed,flux2klein,trustmark,1,90,0.27066178371508914,0.03955243780088364,0.035992514590422284,0.04019935939476966,0.20247402207718956,0.1342884975136634,0.862375885910458,0.08164711475597512,0.7727273775471581,0.1764453807230296,0.35544856494913496,0.1869454348273506,0.6138392793102457,0.21875242627096472,13.704611471481773,5.747732219275901,21.24193983236655,6.195074406583758,0.17784348592675958,0.15875902957673094,0.7666666666666667,0.42532208548874395
reembed,flux2klein,trustmark,2,90,0.29038076202074686,0.03436137781825934,0.03445818904373378,0.03486377128891433,0.25783721521082853,0.09246013184555323,0.8459912127918667,0.04810339528412142,0.7790550311406453,0.09204055526913145,0.5943129203385777,0.13729787813234107,0.29410627820348867,0.1701838879422579,8.292155074925368,4.093366330966755,,,,,0.8444444444444444,0.3644639317587663
reembed,flux2klein,trustmark,3,90,0.26837854302591746,0.036806120304650664,-0.014204298125372978,0.02962231530379155,0.23204614909158813,0.07327860609125,0.8429126375251346,0.055661791615765926,0.6943660159905751,0.18828376675848965,0.5514250945713784,0.14569670798520423,0.3832924938168898,0.17496135317403694,9.179999039166749,3.4021787700399346,,,,,0.3111111111111111,0.4655417152513843
reembed,flux2klein,trustmark,4,90,0.2744087669584486,0.0401322216776619,0.019266715976927005,0.036768445024971556,0.15053460302555724,0.09777787117202658,0.8496308869785733,0.06206508425244487,0.815178308222029,0.08337877212239155,0.45364478247033224,0.1052549904615557,0.4285808199488373,0.13438756347583838,11.333230361749179,3.763078207033921,,,,,0.6222222222222222,0.48754781448667844
reembed,flux2klein,wam,1,90,0.27064475384023456,0.039767917191485855,0.0348307852943738,0.03921426484094202,0.20999300418835548,0.13670902963678921,0.8719853904512194,0.08183572872420901,0.7734972321324878,0.1817539317966847,0.36803640524546305,0.17983302088684353,0.6000079135509656,0.21366337956590414,13.634021871773934,5.759066623939433,21.392370175422062,6.07205181242995,0.18860195776254962,0.15065017460504915,0.7777777777777778,0.41806880186893863
reembed,flux2klein,wam,2,90,0.2914702370762825,0.03733098406924157,0.03457021216551459,0.03261069950353954,0.26158628155373864,0.0918787814817717,0.8475928253597683,0.05126863271938307,0.7661542806360456,0.11387885092835101,0.6101160567667749,0.13871485963212646,0.29534266089236666,0.16371173820803459,8.226652561290964,4.010609733645934,,,,,0.8222222222222222,0.3844674641127626
reembed,flux2klein,wam,3,90,0.2690893895096249,0.03638852943809382,-0.014892016682359895,0.03047842622142623,0.22649718249837558,0.07147580038220212,0.8427808615896437,0.06441356797586212,0.6840332912074195,0.18339549023553559,0.5639754643042882,0.15247703939543714,0.3786326780445896,0.17607038760074523,9.213746638467812,3.3899742064009,,,,,0.3333333333333333,0.47404546313997725
reembed,flux2klein,wam,4,90,0.2748926321665446,0.040187706175382296,0.017932515011893364,0.038413489406816895,0.13541748163083359,0.09807348458937963,0.8547638694445292,0.06386418075845801,0.8118865417109595,0.08236297696028749,0.46110259708431034,0.10777868121813233,0.4312934165474531,0.136374513524081,11.325332024515866,3.7385430523576377,,,,,0.6666666666666666,0.4740454631399772
reembed,ip2p,dwtdct,1,90,0.23945721363027891,0.055186971213712945,0.005527858601676078,0.058119376675712556,0.152630804432556,0.1176831783673182,0.8261204812261793,0.13670995143247938,0.6448253358507322,0.33918626165566496,0.3665709576259057,0.2400181433720452,0.6178682436370996,0.18208030258713487,15.680628655893308,5.342210639985148,16.027513699113786,6.723661561688552,0.4164615532961385,0.2589382424470416,0.6,0.49264249635357604
reembed,ip2p,dwtdct,2,90,0.23161028698086739,0.05049951650929481,0.00249075252148839,0.038894318802779666,0.12599659298236168,0.08923811619259128,0.892408428589503,0.11698664505647373,0.7656447023981148,0.3086358848650696,0.3554264295846224,0.26515511923183854,0.6363401154448026,0.20957529476662357,14.594497095620591,5.80477691808852,,,,,0.6111111111111112,0.4902291242441421
reembed,ip2p,dwtdct,3,90,0.21613813382056024,0.04523295942581581,-0.009026108433802915,0.0374236975872152,0.12593595966075855,0.08439140074583903,0.8847234182887607,0.09893723479417445,0.673728904976613,0.33553443902534996,0.4311005762881703,0.24010762269198546,0.6112997062788007,0.21302163766388593,14.65481545738612,5.3906640624757545,,,,,0.4222222222222222,0.49668061715319667
reembed,ip2p,dwtdct,4,90,0.22336158421304492,0.04443415512842182,0.006437151796287948,0.020737024940530382,0.05904278791923487,0.0697034030217342,0.9516892029179467,0.042718192493903566,0.9159504999717076,0.11823327057214875,0.18910758553279772,0.12942106814395812,0.7589468664652873,0.13494918234920497,19.08174188641667,5.907702135868561,,,,,0.5777777777777777,0.49668061715319667
reembed,ip2p,trustmark,1,90,0.24169407180613942,0.0534699451124394,0.007024802598688326,0.056461166492984056,0.15286865808173186,0.11706250080562636,0.8196229159832,0.1298366963641099,0.6457204296667542,0.32521577102429367,0.35760109569463466,0.23567647231558686,0.62241155442636,0.18451641528154486,15.62342962411929,5.240562932462722,16.2170388571647,6.7494715178138,0.40151959888893984,0.25825392534308866,0.6222222222222222,0.48754781448667844
reembed,ip2p,trustmark,2,90,0.2344258151948452,0.04821857410006302,0.0037772946059703772,0.03801016716235472,0.12473170766606922,0.08995213180580384,0.8962629410955641,0.11502896817199565,0.7807025127940708,0.2935875299643597,0.338142932475441,0.25490880005112015,0.6453188023459777,0.21049198906272906,14.499754323588187,5.928111335228819,,,,,0.5888888888888889,0.4947918514685245
reembed,ip2p,trustmark,3,90,0.20926354361904992,0.0466176089485688,-0.01793838118513424,0.04746143662614655,0.14119614725932478,0.08525253271057989,0.8610745112101237,0.11418183788329517,0.6241252406914201,0.3521127519832023,0.46163996714684696,0.23124069252791699,0.5884756249214496,0.2196038505130049,14.027800753814315,4.863914920132399,,,,,0.3333333333333333,0.47404546313997725
reembed,ip2p,trustmark,4,90,0.2173530927962727,0.045970013920844904,0.008110631174511366,0.018229127687309415,0.07260543886158198,0.07328621843929192,0.9526816182666354,0.04487058226402475,0.9139622615443336,0.11843168022063026,0.18641509419927996,0.14016294475246252,0.7619012409013073,0.14948781480771123,18.76881668129791,5.873029617331523,,,,,0.6222222222222222,0.48754781448667844
reembed,ip2p,wam,1,90,0.2400162527958552,0.05471809868458575,0.004202284084426019,0.05824886010168676,0.1546414298781504,0.11835293858679086,0.8230736745728386,0.1370660521567486,0.6410710493102669,0.3368027156031778,0.3769437100738287,0.23577567241328978,0.6112190961941364,0.17884495985544907,15.623131134494907,5.1621199304467,16.00929490478148,6.700548275181942,0.42278646780499096,0.2625993880531749,0.6222222222222222,0.4875478144866784
reembed,ip2p,wam,2,90,0.22980592068698671,0.05091765012585657,0.00022194443477524005,0.03813600509239804,0.10251784314815365,0.0929100203962294,0.9011236346430249,0.1167629470377695,0.784120137616992,0.298256010293794,0.33820625336633786,0.2639320883964592,0.6621909125533068,0.20480949427023837,15.134298429017461,6.197142198260117,,,,,0.5555555555555556,0.4996877926639076
reembed,ip2p,wam,3,90,0.21156759079959658,0.04713240895856146,-0.011153716842333477,0.03973638479028531,0.12366130450843935,0.09915707061693023,0.8809448255432977,0.1053972669254575,0.6679983624153667,0.3419439638330799,0.43719433471560476,0.24675890814735393,0.6085122337838984,0.21274142120233114,14.685546695027616,5.827857803571955,,,,,0.4666666666666667,0.5016825622427262
reembed,ip2p,wam,4,90,0.21718975868490006,0.043526009692689716,0.004866691761546652,0.018445524645156888,0.06289091528807247,0.06867809224612552,0.9549675848748949,0.041675018302879646,0.9222843617200851,0.106474643242972,0.18100948203355074,0.1285880141751179,0.7689513146607942,0.14171684322041048,19.375085725335893,6.115391231799175,,,,,0.5555555555555556,0.4996877926639076
reembed,sdedit,dwtdct,1,90,0.2660147390431828,0.0409312155433394,0.03208538393179572,0.03153517260706847,0.08506288646927308,0.09807321142752772,0.8784641477796766,0.07154647428915492,0.7819511049323612,0.09841429277803666,0.327206580589215,0.10198788331034832,0.5801548506220271,0.15632107400622863,17.89187304346212,2.6772065095385007,19.83740986959736,6.156548385692743,0.33189649674399146,0.13003448127913048,0.7111111111111111,0.4557853931339366
reembed,sdedit,dwtdct,2,90,0.2702434339457088,0.03720597400760008,0.01543077180782952,0.024596079673410175,0.06975058637973333,0.10501718043709157,0.9210710830158657,0.04748955722738102,0.8256724923849106,0.10580778193484093,0.34708442721101973,0.07565223898652532,0.5603915729320781,0.14632911431938284,17.658445085168545,2.553575709457256,,,,,0.5666666666666667,0.4983117565757134
reembed,sdedit,dwtdct,3,90,0.27560648603571786,0.03368413058842068,0.014487582279576168,0.019498170143151413,0.022410234441566777,0.04521424991691942,0.9303544686900245,0.03746650847074831,0.8401055190298292,0.0680223237097357,0.3657043327887853,0.05839660633844669,0.522744750987786,0.1335186274442074,17.337817017525794,2.5511083386382056,,,,,0.4888888888888889,0.5026769786045271
reembed,sdedit,dwtdct,4,90,0.2787767186760902,0.036508575320937785,0.010778068171607102,0.021008952198726193,0.054992162270678394,0.07987289485368074,0.9266643212901221,0.034316267003279194,0.8388465662797292,0.07653332136253584,0.3733186316159036,0.048077783462234874,0.4864228812051551,0.12436469238589928,16.881888681130746,2.5585799396208335,,,,,0.5444444444444444,0.5008108282005754
reembed,sdedit,trustmark,1,90,0.2654977465669314,0.0406841228393405,0.030828477442264524,0.03205099650906839,0.08698992139090679,0.10653184586278708,0.8764492379294502,0.0720679265128985,0.779234825902515,0.09878448732878649,0.32459674444463515,0.0998212709081159,0.5874186862026408,0.15349026933114915,17.931391272867323,2.6957345173045004,19.896422816138042,6.220258934592644,0.3224489313775095,0.1300836244555087,0.7333333333333333,0.4446940622369091
reembed,sdedit,trustmark,2,90,0.27111226121584575,0.040290662394977535,0.017006615466541683,0.025855648292002594,0.08014507397181456,0.11190473297858478,0.9198823750019074,0.043381180205669334,0.835848464568456,0.08965819823995297,0.33910112977027895,0.0843109118775559,0.568896935171727,0.14701161295506476,17.66007024228939,2.642115479565703,,,,,0.6777777777777778,0.46994567646321306
reembed,sdedit,trustmark,3,90,0.2743621544705497,0.036426453881881295,0.012510447700818363,0.022772000338253925,0.02646051424348518,0.04641634803193042,0.9297071191999647,0.03582561743672913,0.8252520703607136,0.08502775940929806,0.3571821257472038,0.0672716024285465,0.531599423847789,0.13846526175644583,17.327935474648807,2.6589934306674583,,,,,0.5333333333333333,0.5016825622427262
reembed,sdedit,trustmark,4,90,0.2803517488969697,0.039012548705191795,0.01513602054781382,0.02431108920198092,0.0625855872614516,0.07762304400356275,0.9241450084580316,0.040152641493938934,0.8355378044976128,0.07794843414238682,0.3643061864707205,0.0533481312520847,0.49492229348975936,0.13041918955346785,16.892125309332584,2.631058915779926,,,,,0.6555555555555556,0.47784890449867806
reembed,sdedit,wam,1,90,0.26536898662646613,0.040696328295757624,0.029555018080605372,0.03269580460149496,0.08986135518385302,0.0970524389939152,0.880519363615248,0.07029880690320811,0.7752092911137475,0.10064917518555695,0.3318035299579302,0.09972630723356099,0.5668700560829031,0.1487040037460541,17.88382349842628,2.624107976703117,19.869743713824892,6.172792283516332,0.3349354911980958,0.12973416088295342,0.7222222222222222,0.45041248954328444
reembed,sdedit,wam,2,90,0.2701608551873101,0.03880403018393187,0.015316789514488623,0.025783663374979206,0.06547684125188322,0.11003882307925743,0.9196572932932112,0.04770072696445521,0.8363525317774878,0.09707384331180782,0.33139277266131506,0.078972273613438,0.5556623145674746,0.13448550102868279,17.71084779329909,2.4785619592492565,,,,,0.5888888888888889,0.49479185146852445
reembed,sdedit,wam,3,90,0.2728412005636427,0.03520672823062687,0.011891641219456968,0.023010164498757077,0.02208693770484791,0.046324331459485196,0.9263426582018535,0.042041440809713906,0.8484842744138505,0.07339438588138669,0.35353127635187576,0.058997411708788895,0.5304849517938602,0.12042301628817512,17.504476609721923,2.429838632642146,,,,,0.4777777777777778,0.502304303170668
reembed,sdedit,wam,4,90,0.27561459839344027,0.0368494819393474,0.011193197303348088,0.02054636984886221,0.0526852521424492,0.0759494321203284,0.9239789022339715,0.043335809125544675,0.8361522667937809,0.08032999437534422,0.3648023385140631,0.05384773813019523,0.5053757360453416,0.10850478519459501,17.160855698987135,2.326475238809612,,,,,0.6,0.492642496353576
