method,editor,watermark,level,n,bit_acc,bit_acc_sd,bit_acc_median,bit_acc_ci_lo,bit_acc_ci_hi,det_rate,det_ci_lo,det_ci_hi,det_rate_given_l0,n_l0,exact_payload,joint_success
baseline,ip2p,dwtdct,0,10,0.85,0.24286699034656808,1.0,0.7,0.954296874999983,0.7,0.3967732199795652,0.892210712513788,1.0,7,0.7,
baseline,ip2p,dwtdct,1,10,0.5875,0.19698244422621353,0.546875,0.48125,0.709375,0.2,0.05668094798069332,0.5098431532792765,0.2857142857142857,7,0.1,0.1
baseline,ip2p,dwtdct,2,10,0.48125,0.12859416135009138,0.515625,0.4,0.55,0.0,-2.0052288475052677e-17,0.2775401687666165,0.0,7,0.0,0.0
baseline,ip2p,dwtdct,3,10,0.5,0.05892556509887896,0.53125,0.4625,0.534375,0.0,-2.0052288475052677e-17,0.2775401687666165,0.0,7,0.0,0.0
baseline,ip2p,dwtdct,4,10,0.503125,0.1154794504326299,0.53125,0.434375,0.571875,0.0,-2.0052288475052677e-17,0.2775401687666165,0.0,7,0.0,0.0
baseline,ip2p,trustmark,0,10,0.998,0.006324555320336764,1.0,0.994,1.0,1.0,0.7224598312333834,1.0,1.0,10,0.9,
baseline,ip2p,trustmark,1,10,0.704,0.2059233946020812,0.73,0.5850000000000001,0.8280000000000001,0.6,0.3126695474501863,0.8318224187964901,0.6,10,0.0,0.4
baseline,ip2p,trustmark,2,10,0.664,0.15363737971094288,0.625,0.5810000000000001,0.761,0.5,0.2365895936154873,0.7634104063845127,0.5,10,0.0,0.5
baseline,ip2p,trustmark,3,10,0.597,0.09369572502995474,0.585,0.5449999999999999,0.654,0.2,0.05668094798069332,0.5098431532792765,0.2,10,0.0,0.2
baseline,ip2p,trustmark,4,10,0.5469999999999999,0.06583649781424011,0.525,0.5129999999999999,0.591,0.1,0.01787574951572113,0.4041563854975721,0.1,10,0.0,0.1
baseline,ip2p,wam,0,10,1.0,0.0,1.0,1.0,1.0,1.0,0.7224598312333834,1.0,1.0,10,1.0,
baseline,ip2p,wam,1,10,0.725,0.2592892261120346,0.6875,0.571875,0.871875,0.5,0.2365895936154873,0.7634104063845127,0.5,10,0.3,0.3
baseline,ip2p,wam,2,10,0.609375,0.21360517348343622,0.546875,0.49375,0.740625,0.2,0.05668094798069332,0.5098431532792765,0.2,10,0.1,0.1
baseline,ip2p,wam,3,10,0.609375,0.2042569953242456,0.546875,0.496875,0.7375,0.2,0.05668094798069332,0.5098431532792765,0.2,10,0.1,0.0
baseline,ip2p,wam,4,10,0.590625,0.18776023607249753,0.5625,0.490625,0.709375,0.2,0.05668094798069332,0.5098431532792765,0.2,10,0.1,0.1
baseline,sdedit,dwtdct,0,10,0.85,0.24286699034656808,1.0,0.7,0.954296874999983,0.7,0.3967732199795652,0.892210712513788,1.0,7,0.7,
baseline,sdedit,dwtdct,1,10,0.503125,0.09598041249824536,0.515625,0.446875,0.559375,0.0,-2.0052288475052677e-17,0.2775401687666165,0.0,7,0.0,0.0
baseline,sdedit,dwtdct,2,10,0.48125,0.07095577652469334,0.5,0.4375,0.521875,0.0,-2.0052288475052677e-17,0.2775401687666165,0.0,7,0.0,0.0
baseline,sdedit,dwtdct,3,10,0.4875,0.0768295371441074,0.5,0.44375,0.534375,0.0,-2.0052288475052677e-17,0.2775401687666165,0.0,7,0.0,0.0
baseline,sdedit,dwtdct,4,10,0.496875,0.07718180647017793,0.515625,0.45,0.540625,0.0,-2.0052288475052677e-17,0.2775401687666165,0.0,7,0.0,0.0
baseline,sdedit,trustmark,0,10,0.998,0.006324555320336764,1.0,0.994,1.0,1.0,0.7224598312333834,1.0,1.0,10,0.9,
baseline,sdedit,trustmark,1,10,0.505,0.08733715004382601,0.485,0.458,0.559,0.0,-2.0052288475052677e-17,0.2775401687666165,0.0,10,0.0,0.0
baseline,sdedit,trustmark,2,10,0.509,0.039285281382896234,0.515,0.485,0.531,0.0,-2.0052288475052677e-17,0.2775401687666165,0.0,10,0.0,0.0
baseline,sdedit,trustmark,3,10,0.4880000000000001,0.04541169697580373,0.47,0.46299999999999997,0.516,0.0,-2.0052288475052677e-17,0.2775401687666165,0.0,10,0.0,0.0
baseline,sdedit,trustmark,4,10,0.475,0.04275251779460221,0.485,0.449,0.49899999999999994,0.0,-2.0052288475052677e-17,0.2775401687666165,0.0,10,0.0,0.0
baseline,sdedit,wam,0,10,1.0,0.0,1.0,1.0,1.0,1.0,0.7224598312333834,1.0,1.0,10,1.0,
baseline,sdedit,wam,1,10,0.5375,0.09637527921850314,0.546875,0.478125,0.5875,0.0,-2.0052288475052677e-17,0.2775401687666165,0.0,10,0.0,0.0
baseline,sdedit,wam,2,10,0.5375,0.09637527921850314,0.546875,0.478125,0.5875,0.0,-2.0052288475052677e-17,0.2775401687666165,0.0,10,0.0,0.0
baseline,sdedit,wam,3,10,0.53125,0.1009933303628402,0.546875,0.471875,0.584375,0.0,-2.0052288475052677e-17,0.2775401687666165,0.0,10,0.0,0.0
baseline,sdedit,wam,4,10,0.53125,0.09432692852226475,0.53125,0.471875,0.58125,0.0,-2.0052288475052677e-17,0.2775401687666165,0.0,10,0.0,0.0
reembed,ip2p,dwtdct,0,10,0.85,0.24286699034656808,1.0,0.7,0.954296874999983,0.7,0.3967732199795652,0.892210712513788,1.0,7,0.7,
reembed,ip2p,dwtdct,1,10,0.85,0.24286699034656808,1.0,0.7,0.954296874999983,0.7,0.3967732199795652,0.892210712513788,1.0,7,0.7,0.5
reembed,ip2p,dwtdct,2,10,0.85,0.24286699034656808,1.0,0.7,0.954296874999983,0.7,0.3967732199795652,0.892210712513788,1.0,7,0.7,0.3
reembed,ip2p,dwtdct,3,10,0.85,0.24286699034656808,1.0,0.7,0.954296874999983,0.7,0.3967732199795652,0.892210712513788,1.0,7,0.7,0.3
reembed,ip2p,dwtdct,4,10,0.85,0.24286699034656808,1.0,0.7,0.954296874999983,0.7,0.3967732199795652,0.892210712513788,1.0,7,0.7,0.4
reembed,ip2p,trustmark,0,10,0.998,0.006324555320336764,1.0,0.994,1.0,1.0,0.7224598312333834,1.0,1.0,10,0.9,
reembed,ip2p,trustmark,1,10,0.998,0.006324555320336764,1.0,0.994,1.0,1.0,0.7224598312333834,1.0,1.0,10,0.9,0.6
reembed,ip2p,trustmark,2,10,0.9970000000000001,0.006749485577105536,1.0,0.993,1.0,1.0,0.7224598312333834,1.0,1.0,10,0.8,0.7
reembed,ip2p,trustmark,3,10,0.9970000000000001,0.006749485577105536,1.0,0.993,1.0,1.0,0.7224598312333834,1.0,1.0,10,0.8,0.5
reembed,ip2p,trustmark,4,10,0.9960000000000001,0.006992058987801016,1.0,0.992,1.0,1.0,0.7224598312333834,1.0,1.0,10,0.7,0.3
reembed,ip2p,wam,0,10,1.0,0.0,1.0,1.0,1.0,1.0,0.7224598312333834,1.0,1.0,10,1.0,
reembed,ip2p,wam,1,10,1.0,0.0,1.0,1.0,1.0,1.0,0.7224598312333834,1.0,1.0,10,1.0,0.6
reembed,ip2p,wam,2,10,1.0,0.0,1.0,1.0,1.0,1.0,0.7224598312333834,1.0,1.0,10,1.0,0.7
reembed,ip2p,wam,3,10,1.0,0.0,1.0,1.0,1.0,1.0,0.7224598312333834,1.0,1.0,10,1.0,0.3
reembed,ip2p,wam,4,10,1.0,0.0,1.0,1.0,1.0,1.0,0.7224598312333834,1.0,1.0,10,1.0,0.4
reembed,sdedit,dwtdct,0,10,0.85,0.24286699034656808,1.0,0.7,0.954296874999983,0.7,0.3967732199795652,0.892210712513788,1.0,7,0.7,
reembed,sdedit,dwtdct,1,10,0.85,0.24286699034656808,1.0,0.7,0.954296874999983,0.7,0.3967732199795652,0.892210712513788,1.0,7,0.7,0.4
reembed,sdedit,dwtdct,2,10,0.85,0.24286699034656808,1.0,0.7,0.954296874999983,0.7,0.3967732199795652,0.892210712513788,1.0,7,0.7,0.5
reembed,sdedit,dwtdct,3,10,0.85,0.24286699034656808,1.0,0.7,0.954296874999983,0.7,0.3967732199795652,0.892210712513788,1.0,7,0.7,0.3
reembed,sdedit,dwtdct,4,10,0.85,0.24286699034656808,1.0,0.7,0.954296874999983,0.7,0.3967732199795652,0.892210712513788,1.0,7,0.7,0.4
reembed,sdedit,trustmark,0,10,0.998,0.006324555320336764,1.0,0.994,1.0,1.0,0.7224598312333834,1.0,1.0,10,0.9,
reembed,sdedit,trustmark,1,10,0.9970000000000001,0.006749485577105536,1.0,0.992,1.0,1.0,0.7224598312333834,1.0,1.0,10,0.8,0.8
reembed,sdedit,trustmark,2,10,0.9970000000000001,0.006749485577105536,1.0,0.992,1.0,1.0,0.7224598312333834,1.0,1.0,10,0.8,0.5
reembed,sdedit,trustmark,3,10,0.9970000000000001,0.006749485577105536,1.0,0.992,1.0,1.0,0.7224598312333834,1.0,1.0,10,0.8,0.5
reembed,sdedit,trustmark,4,10,0.9970000000000001,0.006749485577105536,1.0,0.992,1.0,1.0,0.7224598312333834,1.0,1.0,10,0.8,0.7
reembed,sdedit,wam,0,10,1.0,0.0,1.0,1.0,1.0,1.0,0.7224598312333834,1.0,1.0,10,1.0,
reembed,sdedit,wam,1,10,1.0,0.0,1.0,1.0,1.0,1.0,0.7224598312333834,1.0,1.0,10,1.0,0.8
reembed,sdedit,wam,2,10,1.0,0.0,1.0,1.0,1.0,1.0,0.7224598312333834,1.0,1.0,10,1.0,0.7
reembed,sdedit,wam,3,10,1.0,0.0,1.0,1.0,1.0,1.0,0.7224598312333834,1.0,1.0,10,1.0,0.7
reembed,sdedit,wam,4,10,1.0,0.0,1.0,1.0,1.0,1.0,0.7224598312333834,1.0,1.0,10,1.0,0.4
